State,Total_Loans,Average_LTV_Ratio
CA,250073652,0.5463746223564955
FL,258007842,0.5463489037178265
GA,240592441,0.5366181061394382
IL,267533938,0.5544793713163065
MI,250622591,0.5473978065802592
NC,265139614,0.556533203125
NY,244214331,0.566030612244898
OH,253429093,0.5473119358074222
PA,251935726,0.559367991845056
TX,251149887,0.5566398390342052
