Borrower_Industry,Total_Loans,Average_Credit_Score
Finance,524279831,572.8790517658442
Healthcare,503430885,575.3466257668712
Manufacturing,490440511,573.600812595226
Retail,504932424,575.5443668993021
Technology,509615464,570.1753246753246
