Schedule,Total Loans,Total Loan Amount,Total Outstanding Balance,Average LTV Ratio,Average DTI Ratio,Average Interest Rate,Delinquency Rate,Charge-Off Rate,Average Credit Score,Securitized Loan Percentage
Schedule A - First Lien Mortgages,5009,2562376003,1142279718,69.64835695747654,34.80662008384907,6.261237772010381,13.934917149131563,3.2341784787382712,674.766620083849,39.229387103214215
Schedule B - Home Equity Loans,4991,2581278832,1132352552,70.24726507713886,35.19616509717491,6.279781606892406,12.382288118613506,3.446203165698257,671.6734121418554,40.39270687237027
Schedule C - Credit Cards,2473,1260143540,570794476,70.14863728265264,34.94483218762637,6.246906591184796,13.424989890820866,3.2349373230893654,671.0970481196927,39.91103922361504
Schedule D - Auto Loans,2482,1277708428,558976800,69.78862207896857,34.941502820306205,6.309089443996776,13.13456889605157,3.3843674456083805,671.0676873489122,39.16196615632555
Schedule E - Student Loans,2526,1312114296,569970466,69.34663499604116,34.916733966745845,6.258341250989707,13.262074425969914,3.365003958828187,676.1694378463975,40.61757719714964
Schedule H - Portfolio-Level,10000,5143654835,2274632270,69.947272,35.001042000000005,6.270493,13.16,3.34,673.2228,39.81
